<?xml version="1.0" encoding="UTF-8"?>
<install version="1.0" type="plugin" group="vmpayment" >
    <name>O'Pay - VitueMart - ATM Payment</name>
    <creationDate>January 2018</creationDate>
    <author>O'Pay Electronic Payment Co., Ltd.</author>
    <authorUrl>http://www.opay.tw</authorUrl>
    <copyright>Copyright (C) 2017 O'Pay Electronic Payment Co., Ltd. All rights reserved.</copyright>
    <license>http://www.gnu.org/licenses/gpl-3.0.html GNU/GPL</license>
    <version>1.1.0118</version>
    <description>O'Pay ATM Payment Plugin</description>
    <languages>
        <language tag="en-GB">en-GB.plg_vmpayment_opayatm.ini</language>
        <language tag="en-GB">en-GB.plg_vmpayment_opayatm.sys.ini</language>
        <language tag="zh-TW">zh-TW.plg_vmpayment_opayatm.ini</language>
        <language tag="zh-TW">zh-TW.plg_vmpayment_opayatm.sys.ini</language>
    </languages>
    <files>
        <filename plugin="opayatm">opayatm.php</filename>
        <filename>AllPay.Payment.Integration.php</filename>
        <filename>index.html</filename>
    </files>
    <params addpath="/administrator/components/com_virtuemart/elements">
        <param type="vmjpluginwarning" />
        <param name="test_mode" type="radio" default="yes" label="VMPAYMENT_ATM_TEST_MODE" description="VMPAYMENT_ATM_TEST_MODE_EXPLAIN">
            <option value="yes">VMPAYMENT_ATM_TEST_MODE_YES</option>
            <option value="no">VMPAYMENT_ATM_TEST_MODE_NO</option>
        </param>
        <param name="test_prefix" type="text" size="50" label="VMPAYMENT_ATM_TEST_PREFIX" description="VMPAYMENT_ATM_TEST_PREFIX_EXPLAIN" />	
        <param name="merchant_id" type="text" size="50" default="2000132" label="VMPAYMENT_ATM_MERCHANT_ID" description="VMPAYMENT_ATM_MERCHANT_ID_EXPLAIN" />
        <param name="hash_key" type="text" size="50" default="5294y06JbISpM5x9" label="VMPAYMENT_ATM_HASH_KEY" description="VMPAYMENT_ATM_HASH_KEY_EXPLAIN" />
        <param name="hash_iv" type="text" size="50" default="v77hoKGq4kWxNNIS" label="VMPAYMENT_ATM_HASH_IV" description="VMPAYMENT_ATM_HASH_IV_EXPLAIN" />
    </params>
</install>
